pref,name,suffix,reading
北海道,札幌,市,さっぽろ
北海道,函館,市,はこだて
北海道,小樽,市,おたる
北海道,旭川,市,あさひかわ
北海道,室蘭,市,むろらん
北海道,釧路,市,くしろ
北海道,帯広,市,おびひろ
北海道,北見,市,きたみ
北海道,夕張,市,ゆうばり
北海道,岩見沢,市,いわみざわ
北海道,網走,市,あばしり
北海道,留萌,市,るもい
北海道,苫小牧,市,とまこまい
北海道,稚内,市,わっかない
北海道,美唄,市,びばい
北海道,芦別,市,あしべつ
北海道,江別,市,えべつ
北海道,赤平,市,あかびら
北海道,紋別,市,もんべつ
北海道,士別,市,しべつ
北海道,名寄,市,なよろ
北海道,三笠,市,みかさ
北海道,根室,市,ねむろ
北海道,千歳,市,ちとせ
北海道,滝川,市,たきかわ
北海道,砂川,市,すながわ
北海道,歌志内,市,うたしない
北海道,深川,市,ふかがわ
北海道,富良野,市,ふらの
北海道,登別,市,のぼりべつ
北海道,恵庭,市,えにわ
北海道,伊達,市,だて
北海道,北広島,市,きたひろしま
北海道,石狩,市,いしかり
北海道,北斗,市,ほくと
北海道,当別,町,とうべつ
北海道,新篠津,村,しんしのつ
北海道,松前,町,まつまえ
北海道,福島,町,ふくしま
北海道,知内,町,しりうち
北海道,木古内,町,きこない
北海道,七飯,町,ななえ
北海道,鹿部,町,しかべ
北海道,森,町,もり
北海道,八雲,町,やくも
北海道,長万部,町,おしゃまんべ
北海道,江差,町,えさし
北海道,上ノ国,町,かみのくに
北海道,厚沢部,町,あっさぶ
北海道,乙部,町,おとべ
北海道,奥尻,町,おくしり
北海道,今金,町,いまかね
北海道,島牧,村,しままき
北海道,寿都,町,すっつ
北海道,黒松内,町,くろまつない
北海道,蘭越,町,らんこし
北海道,真狩,村,まっかり
北海道,留寿都,村,るすつ
北海道,喜茂別,町,きもべつ
北海道,京極,町,きょうごく
北海道,倶知安,町,くっちゃん
北海道,共和,町,きょうわ
北海道,岩内,町,いわない
北海道,泊,村,とまり
北海道,神恵内,村,かもえない
北海道,積丹,町,しゃこたん
北海道,古平,町,ふるびら
北海道,仁木,町,にき
北海道,余市,町,よいち
北海道,赤井川,村,あかいがわ
北海道,南幌,町,なんぽろ
北海道,奈井江,町,ないえ
北海道,上砂川,町,かみすながわ
北海道,由仁,町,ゆに
北海道,長沼,町,ながぬま
北海道,栗山,町,くりやま
北海道,月形,町,つきがた
北海道,浦臼,町,うらうす
北海道,新十津川,町,しんとつかわ
北海道,妹背牛,町,もせうし
北海道,秩父別,町,ちっぷべつ
北海道,雨竜,町,うりゅう
北海道,北竜,町,ほくりゅう
北海道,沼田,町,ぬまた
北海道,鷹栖,町,たかす
北海道,東神楽,町,ひがしかぐら
北海道,当麻,町,とうま
北海道,比布,町,ぴっぷ
北海道,愛別,町,あいべつ
北海道,上川,町,かみかわ
北海道,東川,町,ひがしかわ
北海道,美瑛,町,びえい
北海道,上富良野,町,かみふらの
北海道,中富良野,町,なかふらの
北海道,南富良野,町,みなみふらの
北海道,占冠,村,しむかっぷ
北海道,和寒,町,わっさむ
北海道,剣淵,町,けんぶち
北海道,下川,町,しもかわ
北海道,美深,町,びふか
北海道,音威子府,村,おといねっぷ
北海道,中川,町,なかがわ
北海道,幌加内,町,ほろかない
北海道,増毛,町,ましけ
北海道,小平,町,おびら
北海道,苫前,町,とままえ
北海道,羽幌,町,はぼろ
北海道,初山別,村,しょさんべつ
北海道,遠別,町,えんべつ
北海道,天塩,町,てしお
北海道,猿払,村,さるふつ
北海道,浜頓別,町,はまとんべつ
北海道,中頓別,町,なかとんべつ
北海道,枝幸,町,えさし
北海道,豊富,町,とよとみ
北海道,礼文,町,れぶん
北海道,利尻,町,りしり
北海道,利尻富士,町,りしりふじ
北海道,幌延,町,ほろのべ
北海道,美幌,町,びほろ
北海道,津別,町,つべつ
北海道,斜里,町,しゃり
北海道,清里,町,きよさと
北海道,小清水,町,こしみず
北海道,訓子府,町,くんねっぷ
北海道,置戸,町,おけと
北海道,佐呂間,町,さろま
北海道,遠軽,町,えんがる
北海道,湧別,町,ゆうべつ
北海道,滝上,町,たきのうえ
北海道,興部,町,おこっぺ
北海道,西興部,村,にしおこっぺ
北海道,雄武,町,おうむ
北海道,大空,町,おおぞら
北海道,豊浦,町,とようら
北海道,壮瞥,町,そうべつ
北海道,白老,町,しらおい
北海道,厚真,町,あつま
北海道,洞爺湖,町,とうやこ
北海道,安平,町,あびら
北海道,日高,町,ひだか
北海道,平取,町,びらとり
北海道,新冠,町,にいかっぷ
北海道,浦河,町,うらかわ
北海道,様似,町,さまに
北海道,新ひだか,町,しんひだか
北海道,音更,町,おとふけ
北海道,士幌,町,しほろ
北海道,上士幌,町,かみしほろ
北海道,鹿追,町,しかおい
北海道,新得,町,しんとく
北海道,清水,町,しみず
北海道,芽室,町,めむろ
北海道,中札内,村,なかさつない
北海道,更別,村,さらべつ
北海道,大樹,町,たいき
北海道,広尾,町,ひろお
北海道,幕別,町,まくべつ
北海道,池田,町,いけだ
北海道,豊頃,町,とよころ
北海道,本別,町,ほんべつ
北海道,足寄,町,あしょろ
北海道,陸別,町,りくべつ
北海道,浦幌,町,うらほろ
北海道,厚岸,町,あっけし
北海道,浜中,町,はまなか
北海道,標茶,町,しべちゃ
北海道,弟子屈,町,てしかが
北海道,鶴居,村,つるい
北海道,白糠,町,しらぬか
北海道,別海,町,べつかい
北海道,中標津,町,なかしべつ
北海道,標津,町,しべつ
北海道,羅臼,町,らうす
北海道,色丹,村,しこたん
北海道,留夜別,村,るやべつ
北海道,留別,村,るべつ
北海道,紗那,村,しゃな
北海道,蘂取,村,しべとろ
青森県,青森,市,あおもり
青森県,弘前,市,ひろさき
青森県,八戸,市,はちのへ
青森県,黒石,市,くろいし
青森県,五所川原,市,ごしょがわら
青森県,十和田,市,とわだ
青森県,三沢,市,みさわ
青森県,平川,市,ひらかわ
青森県,平内,町,ひらない
青森県,今別,町,いまべつ
青森県,蓬田,村,よもぎた
青森県,外ヶ浜,町,そとがはま
青森県,鰺ヶ沢,町,あじがさわ
青森県,深浦,町,ふかうら
青森県,西目屋,村,にしめや
青森県,藤崎,町,ふじさき
青森県,大鰐,町,おおわに
青森県,田舎館,村,いなかだて
青森県,板柳,町,いたやなぎ
青森県,鶴田,町,つるた
青森県,中泊,町,なかどまり
青森県,野辺地,町,のへじ
青森県,七戸,町,しちのへ
青森県,六戸,町,ろくのへ
青森県,横浜,町,よこはま
青森県,東北,町,とうほく
青森県,六ヶ所,村,ろっかしょ
青森県,大間,町,おおま
青森県,東通,村,ひがしどおり
青森県,風間浦,村,かざまうら
青森県,佐井,村,さい
青森県,三戸,町,さんのへ
青森県,五戸,町,ごのへ
青森県,田子,町,たっこ
青森県,南部,町,なんぶ
青森県,階上,町,はしかみ
青森県,新郷,村,しんごう
岩手県,盛岡,市,もりおか
岩手県,宮古,市,みやこ
岩手県,大船渡,市,おおふなと
岩手県,花巻,市,はなまき
岩手県,北上,市,きたかみ
岩手県,久慈,市,くじ
岩手県,遠野,市,とおの
岩手県,一関,市,いちのせき
岩手県,陸前高田,市,りくぜんたかた
岩手県,釜石,市,かまいし
岩手県,二戸,市,にのへ
岩手県,八幡平,市,はちまんたい
岩手県,奥州,市,おうしゅう
岩手県,滝沢,市,たきざわ
岩手県,雫石,町,しずくいし
岩手県,葛巻,町,くずまき
岩手県,岩手,町,いわて
岩手県,紫波,町,しわ
岩手県,矢巾,町,やはば
岩手県,西和賀,町,にしわが
岩手県,金ケ崎,町,かねがさき
岩手県,平泉,町,ひらいずみ
岩手県,住田,町,すみた
岩手県,大槌,町,おおつち
岩手県,山田,町,やまだ
岩手県,岩泉,町,いわいずみ
岩手県,田野畑,村,たのはた
岩手県,普代,村,ふだい
岩手県,軽米,町,かるまい
岩手県,野田,村,のだ
岩手県,九戸,村,くのへ
岩手県,洋野,町,ひろの
岩手県,一戸,町,いちのへ
宮城県,仙台,市,せんだい
宮城県,石巻,市,いしのまき
宮城県,塩竈,市,しおがま
宮城県,気仙沼,市,けせんぬま
宮城県,白石,市,しろいし
宮城県,名取,市,なとり
宮城県,角田,市,かくだ
宮城県,多賀城,市,たがじょう
宮城県,岩沼,市,いわぬま
宮城県,登米,市,とめ
宮城県,栗原,市,くりはら
宮城県,東松島,市,ひがしまつしま
宮城県,大崎,市,おおさき
宮城県,富谷,市,とみや
宮城県,蔵王,町,ざおう
宮城県,七ヶ宿,町,しちかしゅく
宮城県,大河原,町,おおがわら
宮城県,村田,町,むらた
宮城県,柴田,町,しばた
宮城県,川崎,町,かわさき
宮城県,丸森,町,まるもり
宮城県,亘理,町,わたり
宮城県,山元,町,やまもと
宮城県,松島,町,まつしま
宮城県,七ヶ浜,町,しちがはま
宮城県,利府,町,りふ
宮城県,大和,町,たいわ
宮城県,大郷,町,おおさと
宮城県,大衡,村,おおひら
宮城県,色麻,町,しかま
宮城県,加美,町,かみ
宮城県,涌谷,町,わくや
宮城県,美里,町,みさと
宮城県,女川,町,おながわ
宮城県,南三陸,町,みなみさんりく
秋田県,秋田,市,あきた
秋田県,能代,市,のしろ
秋田県,横手,市,よこて
秋田県,大館,市,おおだて
秋田県,男鹿,市,おが
秋田県,湯沢,市,ゆざわ
秋田県,鹿角,市,かづの
秋田県,由利本荘,市,ゆりほんじょう
秋田県,潟上,市,かたがみ
秋田県,大仙,市,だいせん
秋田県,北秋田,市,きたあきた
秋田県,仙北,市,せんぼく
秋田県,小坂,町,こさか
秋田県,上小阿仁,村,かみこあに
秋田県,藤里,町,ふじさと
秋田県,三種,町,みたね
秋田県,八峰,町,はっぽう
秋田県,五城目,町,ごじょうめ
秋田県,八郎潟,町,はちろうがた
秋田県,井川,町,いかわ
秋田県,大潟,村,おおがた
秋田県,美郷,町,みさと
秋田県,羽後,町,うご
秋田県,東成瀬,村,ひがしなるせ
山形県,山形,市,やまがた
山形県,米沢,市,よねざわ
山形県,鶴岡,市,つるおか
山形県,酒田,市,さかた
山形県,新庄,市,しんじょう
山形県,寒河江,市,さがえ
山形県,上山,市,かみのやま
山形県,村山,市,むらやま
山形県,長井,市,ながい
山形県,天童,市,てんどう
山形県,東根,市,ひがしね
山形県,尾花沢,市,おばなざわ
山形県,南陽,市,なんよう
山形県,山辺,町,やまのべ
山形県,中山,町,なかやま
山形県,河北,町,かほく
山形県,西川,町,にしかわ
山形県,朝日,町,あさひ
山形県,大江,町,おおえ
山形県,大石田,町,おおいしだ
山形県,金山,町,かねやま
山形県,最上,町,もがみ
山形県,舟形,町,ふながた
山形県,真室川,町,まむろがわ
山形県,大蔵,村,おおくら
山形県,鮭川,村,さけがわ
山形県,戸沢,村,とざわ
山形県,高畠,町,たかはた
山形県,川西,町,かわにし
山形県,小国,町,おぐに
山形県,白鷹,町,しらたか
山形県,飯豊,町,いいで
山形県,三川,町,みかわ
山形県,庄内,町,しようない
山形県,遊佐,町,ゆざ
福島県,福島,市,ふくしま
福島県,会津若松,市,あいづわかまつ
福島県,郡山,市,こおりやま
福島県,白河,市,しらかわ
福島県,須賀川,市,すかがわ
福島県,喜多方,市,きたかた
福島県,相馬,市,そうま
福島県,二本松,市,にほんまつ
福島県,田村,市,たむら
福島県,南相馬,市,みなみそうま
福島県,伊達,市,だて
福島県,本宮,市,もとみや
福島県,桑折,町,こおり
福島県,国見,町,くにみ
福島県,川俣,町,かわまた
福島県,大玉,村,おおたま
福島県,鏡石,町,かがみいし
福島県,天栄,村,てんえい
福島県,下郷,町,しもごう
福島県,檜枝岐,村,ひのえまた
福島県,只見,町,ただみ
福島県,南会津,町,みなみあいづ
福島県,北塩原,村,きたしおばら
福島県,西会津,町,にしあいづ
福島県,磐梯,町,ばんだい
福島県,猪苗代,町,いなわしろ
福島県,会津坂下,町,あいづばんげ
福島県,湯川,村,ゆがわ
福島県,柳津,町,やないづ
福島県,三島,町,みしま
福島県,金山,町,かねやま
福島県,昭和,村,しょうわ
福島県,会津美里,町,あいづみさと
福島県,西郷,村,にしごう
福島県,泉崎,村,いずみざき
福島県,中島,村,なかじま
福島県,矢吹,町,やぶき
福島県,棚倉,町,たなぐら
福島県,矢祭,町,やまつり
福島県,塙,町,はなわ
福島県,鮫川,村,さめがわ
福島県,石川,町,いしかわ
福島県,玉川,村,たまかわ
福島県,平田,村,ひらた
福島県,浅川,町,あさかわ
福島県,古殿,町,ふるどの
福島県,三春,町,みはる
福島県,小野,町,おの
福島県,広野,町,ひろの
福島県,楢葉,町,ならは
福島県,富岡,町,とみおか
福島県,川内,村,かわうち
福島県,大熊,町,おおくま
福島県,双葉,町,ふたば
福島県,浪江,町,なみえ
福島県,葛尾,村,かつらお
福島県,新地,町,しんち
福島県,飯舘,村,いいたて
茨城県,水戸,市,みと
茨城県,日立,市,ひたち
茨城県,土浦,市,つちうら
茨城県,古河,市,こが
茨城県,石岡,市,いしおか
茨城県,結城,市,ゆうき
茨城県,龍ケ崎,市,りゅうがさき
茨城県,下妻,市,しもつま
茨城県,常総,市,じょうそう
茨城県,常陸太田,市,ひたちおおた
茨城県,高萩,市,たかはぎ
茨城県,北茨城,市,きたいばらき
茨城県,笠間,市,かさま
茨城県,取手,市,とりで
茨城県,牛久,市,うしく
茨城県,鹿嶋,市,かしま
茨城県,潮来,市,いたこ
茨城県,守谷,市,もりや
茨城県,常陸大宮,市,ひたちおおみや
茨城県,那珂,市,なか
茨城県,筑西,市,ちくせい
茨城県,坂東,市,ばんどう
茨城県,稲敷,市,いなしき
茨城県,桜川,市,さくらがわ
茨城県,神栖,市,かみす
茨城県,行方,市,なめがた
茨城県,鉾田,市,ほこた
茨城県,小美玉,市,おみたま
茨城県,茨城,町,いばらき
茨城県,大洗,町,おおあらい
茨城県,城里,町,しろさと
茨城県,東海,村,とうかい
茨城県,大子,町,だいご
茨城県,美浦,村,みほ
茨城県,阿見,町,あみ
茨城県,河内,町,かわち
茨城県,八千代,町,やちよ
茨城県,五霞,町,ごか
茨城県,境,町,さかい
茨城県,利根,町,とね
栃木県,宇都宮,市,うつのみや
栃木県,足利,市,あしかが
栃木県,栃木,市,とちぎ
栃木県,佐野,市,さの
栃木県,鹿沼,市,かぬま
栃木県,日光,市,にっこう
栃木県,小山,市,おやま
栃木県,真岡,市,もおか
栃木県,大田原,市,おおたわら
栃木県,矢板,市,やいた
栃木県,那須塩原,市,なすしおばら
栃木県,那須烏山,市,なすからすやま
栃木県,下野,市,しもつけ
栃木県,上三川,町,かみのかわ
栃木県,益子,町,ましこ
栃木県,茂木,町,もてぎ
栃木県,市貝,町,いちかい
栃木県,芳賀,町,はが
栃木県,壬生,町,みぶ
栃木県,野木,町,のぎ
栃木県,塩谷,町,しおや
栃木県,高根沢,町,たかねざわ
栃木県,那須,町,なす
栃木県,那珂川,町,なかがわ
群馬県,前橋,市,まえばし
群馬県,高崎,市,たかさき
群馬県,桐生,市,きりゅう
群馬県,伊勢崎,市,いせさき
群馬県,太田,市,おおた
群馬県,沼田,市,ぬまた
群馬県,館林,市,たてばやし
群馬県,渋川,市,しぶかわ
群馬県,藤岡,市,ふじおか
群馬県,富岡,市,とみおか
群馬県,安中,市,あんなか
群馬県,榛東,村,しんとう
群馬県,吉岡,町,よしおか
群馬県,上野,村,うえの
群馬県,神流,町,かんな
群馬県,下仁田,町,しもにた
群馬県,南牧,村,なんもく
群馬県,甘楽,町,かんら
群馬県,中之条,町,なかのじよう
群馬県,長野原,町,ながのはら
群馬県,嬬恋,村,つまごい
群馬県,草津,町,くさつ
群馬県,高山,村,たかやま
群馬県,東吾妻,町,ひがしあがつま
群馬県,片品,村,かたしな
群馬県,川場,村,かわば
群馬県,昭和,村,しょうわ
群馬県,玉村,町,たまむら
群馬県,板倉,町,いたくら
群馬県,明和,町,めいわ
群馬県,千代田,町,ちよだ
群馬県,大泉,町,おおいずみ
群馬県,邑楽,町,おうら
埼玉県,川越,市,かわごえ
埼玉県,熊谷,市,くまがや
埼玉県,川口,市,かわぐち
埼玉県,行田,市,ぎようだ
埼玉県,秩父,市,ちちぶ
埼玉県,所沢,市,ところざわ
埼玉県,飯能,市,はんのう
埼玉県,加須,市,かぞ
埼玉県,本庄,市,ほんじよう
埼玉県,東松山,市,ひがしまつやま
埼玉県,春日部,市,かすかべ
埼玉県,狭山,市,さやま
埼玉県,羽生,市,はにゆう
埼玉県,鴻巣,市,こうのす
埼玉県,深谷,市,ふかや
埼玉県,上尾,市,あげお
埼玉県,草加,市,そうか
埼玉県,越谷,市,こしがや
埼玉県,蕨,市,わらび
埼玉県,戸田,市,とだ
埼玉県,入間,市,いるま
埼玉県,朝霞,市,あさか
埼玉県,志木,市,しき
埼玉県,和光,市,わこう
埼玉県,新座,市,にいざ
埼玉県,桶川,市,おけがわ
埼玉県,久喜,市,くき
埼玉県,北本,市,きたもと
埼玉県,八潮,市,やしお
埼玉県,富士見,市,ふじみ
埼玉県,三郷,市,みさと
埼玉県,蓮田,市,はすだ
埼玉県,坂戸,市,さかど
埼玉県,幸手,市,さって
埼玉県,鶴ヶ島,市,つるがしま
埼玉県,日高,市,ひだか
埼玉県,吉川,市,よしかわ
埼玉県,ふじみ野,市,ふじみの
埼玉県,白岡,市,しらおか
埼玉県,伊奈,町,いな
埼玉県,三芳,町,みよし
埼玉県,毛呂山,町,もろやま
埼玉県,越生,町,おごせ
埼玉県,滑川,町,なめがわ
埼玉県,嵐山,町,らんざん
埼玉県,小川,町,おがわ
埼玉県,川島,町,かわじま
埼玉県,吉見,町,よしみ
埼玉県,鳩山,町,はとやま
埼玉県,横瀬,町,よこぜ
埼玉県,皆野,町,みなの
埼玉県,長瀞,町,ながとろ
埼玉県,小鹿野,町,おがの
埼玉県,東秩父,村,ひがしちちぶ
埼玉県,美里,町,みさと
埼玉県,神川,町,かみかわ
埼玉県,上里,町,かみさと
埼玉県,寄居,町,よりい
埼玉県,宮代,町,みやしろ
埼玉県,杉戸,町,すぎと
埼玉県,松伏,町,まつぶし
千葉県,千葉,市,ちば
千葉県,銚子,市,ちょうし
千葉県,市川,市,いちかわ
千葉県,船橋,市,ふなばし
千葉県,館山,市,たてやま
千葉県,木更津,市,きさらづ
千葉県,松戸,市,まつど
千葉県,野田,市,のだ
千葉県,茂原,市,もばら
千葉県,成田,市,なりた
千葉県,佐倉,市,さくら
千葉県,東金,市,とうがね
千葉県,旭,市,あさひ
千葉県,習志野,市,ならしの
千葉県,柏,市,かしわ
千葉県,勝浦,市,かつうら
千葉県,市原,市,いちはら
千葉県,流山,市,ながれやま
千葉県,八千代,市,やちよ
千葉県,我孫子,市,あびこ
千葉県,鴨川,市,かもがわ
千葉県,鎌ケ谷,市,かまがや
千葉県,君津,市,きみつ
千葉県,富津,市,ふっつ
千葉県,浦安,市,うらやす
千葉県,四街道,市,よつかいどう
千葉県,袖ケ浦,市,そでがうら
千葉県,八街,市,やちまた
千葉県,印西,市,いんざい
千葉県,白井,市,しろい
千葉県,富里,市,とみさと
千葉県,南房総,市,みなみぼうそう
千葉県,匝瑳,市,そうさ
千葉県,香取,市,かとり
千葉県,山武,市,さんむ
千葉県,大網白里,市,おおあみしらさと
千葉県,酒々井,町,しすい
千葉県,栄,町,さかえ
千葉県,神崎,町,こうざき
千葉県,多古,町,たこ
千葉県,東庄,町,とうのしょう
千葉県,九十九里,町,くじゆうくり
千葉県,芝山,町,しばやま
千葉県,横芝光,町,よこしばひかり
千葉県,一宮,町,いちのみや
千葉県,睦沢,町,むつざわ
千葉県,長生,村,ちょうせい
千葉県,白子,町,しらこ
千葉県,長柄,町,ながら
千葉県,長南,町,ちょうなん
千葉県,大多喜,町,おおたき
千葉県,御宿,町,おんじゆく
千葉県,鋸南,町,きよなん
東京都,八王子,市,はちおうじ
東京都,立川,市,たちかわ
東京都,武蔵野,市,むさしの
東京都,三鷹,市,みたか
東京都,青梅,市,おうめ
東京都,府中,市,ふちゅう
東京都,昭島,市,あきしま
東京都,調布,市,ちょうふ
東京都,町田,市,まちだ
東京都,小金井,市,こがねい
東京都,小平,市,こだいら
東京都,日野,市,ひの
東京都,東村山,市,ひがしむらやま
東京都,国分寺,市,こくぶんじ
東京都,国立,市,くにたち
東京都,福生,市,ふっさ
東京都,狛江,市,こまえ
東京都,東大和,市,ひがしやまと
東京都,清瀬,市,きよせ
東京都,東久留米,市,ひがしくるめ
東京都,武蔵村山,市,むさしむらやま
東京都,多摩,市,たま
東京都,稲城,市,いなぎ
東京都,羽村,市,はむら
東京都,あきる野,市,あきるの
東京都,西東京,市,にしとうきょう
東京都,瑞穂,町,みずほ
東京都,日の出,町,ひので
東京都,檜原,村,ひのはら
東京都,奥多摩,町,おくたま
東京都,大島,町,おおしま
東京都,利島,村,としま
東京都,新島,村,にいじま
東京都,神津島,村,こうづしま
東京都,三宅,村,みやけ
東京都,御蔵島,村,みくらじま
東京都,八丈,町,はちじょう
東京都,青ヶ島,村,あおがしま
東京都,小笠原,村,おがさわら
神奈川県,横浜,市,よこはま
神奈川県,川崎,市,かわさき
神奈川県,相模原,市,さがみはら
神奈川県,横須賀,市,よこすか
神奈川県,平塚,市,ひらつか
神奈川県,鎌倉,市,かまくら
神奈川県,藤沢,市,ふじさわ
神奈川県,小田原,市,おだわら
神奈川県,茅ヶ崎,市,ちがさき
神奈川県,逗子,市,ずし
神奈川県,三浦,市,みうら
神奈川県,秦野,市,はだの
神奈川県,厚木,市,あつぎ
神奈川県,大和,市,やまと
神奈川県,伊勢原,市,いせはら
神奈川県,海老名,市,えびな
神奈川県,座間,市,ざま
神奈川県,南足柄,市,みなみあしがら
神奈川県,綾瀬,市,あやせ
神奈川県,葉山,町,はやま
神奈川県,寒川,町,さむかわ
神奈川県,大磯,町,おおいそ
神奈川県,二宮,町,にのみや
神奈川県,中井,町,なかい
神奈川県,大井,町,おおい
神奈川県,松田,町,まつだ
神奈川県,山北,町,やまきた
神奈川県,開成,町,かいせい
神奈川県,箱根,町,はこね
神奈川県,真鶴,町,まなづる
神奈川県,湯河原,町,ゆがわら
神奈川県,愛川,町,あいかわ
神奈川県,清川,村,きよかわ
新潟県,新潟,市,にいがた
新潟県,長岡,市,ながおか
新潟県,三条,市,さんじょう
新潟県,柏崎,市,かしわざき
新潟県,新発田,市,しばた
新潟県,小千谷,市,おぢや
新潟県,加茂,市,かも
新潟県,十日町,市,とおかまち
新潟県,見附,市,みつけ
新潟県,村上,市,むらかみ
新潟県,燕,市,つばめ
新潟県,糸魚川,市,いといがわ
新潟県,妙高,市,みょうこう
新潟県,五泉,市,ごせん
新潟県,上越,市,じょうえつ
新潟県,阿賀野,市,あがの
新潟県,佐渡,市,さど
新潟県,魚沼,市,うおぬま
新潟県,南魚沼,市,みなみうおぬま
新潟県,胎内,市,たいない
新潟県,聖籠,町,せいろう
新潟県,弥彦,村,やひこ
新潟県,田上,町,たがみ
新潟県,阿賀,町,あが
新潟県,出雲崎,町,いずもざき
新潟県,湯沢,町,ゆざわ
新潟県,津南,町,つなん
新潟県,刈羽,村,かりわ
新潟県,関川,村,せきかわ
新潟県,粟島浦,村,あわしまうら
富山県,富山,市,とやま
富山県,高岡,市,たかおか
富山県,魚津,市,うおづ
富山県,氷見,市,ひみ
富山県,滑川,市,なめりかわ
富山県,黒部,市,くろべ
富山県,砺波,市,となみ
富山県,小矢部,市,おやべ
富山県,南砺,市,なんと
富山県,射水,市,いみず
富山県,舟橋,村,ふなはし
富山県,上市,町,かみいち
富山県,立山,町,たてやま
富山県,入善,町,にゅうぜん
富山県,朝日,町,あさひ
石川県,金沢,市,かなざわ
石川県,七尾,市,ななお
石川県,小松,市,こまつ
石川県,輪島,市,わじま
石川県,珠洲,市,すず
石川県,加賀,市,かが
石川県,羽咋,市,はくい
石川県,白山,市,はくさん
石川県,能美,市,のみ
石川県,野々市,市,ののいち
石川県,川北,町,かわきた
石川県,津幡,町,つばた
石川県,内灘,町,うちなだ
石川県,志賀,町,しか
石川県,宝達志水,町,ほうだつしみず
石川県,中能登,町,なかのと
石川県,穴水,町,あなみず
石川県,能登,町,のと
福井県,福井,市,ふくい
福井県,敦賀,市,つるが
福井県,小浜,市,おばま
福井県,大野,市,おおの
福井県,勝山,市,かつやま
福井県,鯖江,市,さばえ
福井県,越前,市,えちぜん
福井県,坂井,市,さかい
福井県,永平寺,町,えいへいじ
福井県,池田,町,いけだ
福井県,南越前,町,みなみえちぜん
福井県,美浜,町,みはま
福井県,高浜,町,たかはま
福井県,若狭,町,わかさ
山梨県,甲府,市,こうふ
山梨県,富士吉田,市,ふじよしだ
山梨県,都留,市,つる
山梨県,山梨,市,やまなし
山梨県,大月,市,おおつき
山梨県,韮崎,市,にらさき
山梨県,南アルプス,市,みなみあるぷす
山梨県,北杜,市,ほくと
山梨県,甲斐,市,かい
山梨県,笛吹,市,ふえふき
山梨県,上野原,市,うえのはら
山梨県,甲州,市,こうしゅう
山梨県,中央,市,ちゅうおう
山梨県,市川三郷,町,いちかわみさと
山梨県,早川,町,はやかわ
山梨県,身延,町,みのぶ
山梨県,南部,町,なんぶ
山梨県,富士川,町,ふじかわ
山梨県,昭和,町,しょうわ
山梨県,道志,村,どうし
山梨県,西桂,町,にしかつら
山梨県,忍野,村,おしの
山梨県,山中湖,村,やまなかこ
山梨県,鳴沢,村,なるさわ
山梨県,富士河口湖,町,ふじかわぐちこ
山梨県,小菅,村,こすげ
山梨県,丹波山,村,たばやま
長野県,長野,市,ながの
長野県,松本,市,まつもと
長野県,上田,市,うえだ
長野県,岡谷,市,おかや
長野県,飯田,市,いいだ
長野県,諏訪,市,すわ
長野県,須坂,市,すざか
長野県,小諸,市,こもろ
長野県,伊那,市,いな
長野県,駒ヶ根,市,こまがね
長野県,中野,市,なかの
長野県,大町,市,おおまち
長野県,飯山,市,いいやま
長野県,茅野,市,ちの
長野県,塩尻,市,しおじり
長野県,佐久,市,さく
長野県,千曲,市,ちくま
長野県,東御,市,とうみ
長野県,安曇野,市,あづみの
長野県,小海,町,こうみ
長野県,川上,村,かわかみ
長野県,南牧,村,みなみまき
長野県,南相木,村,みなみあいき
長野県,北相木,村,きたあいき
長野県,佐久穂,町,さくほ
長野県,軽井沢,町,かるいざわ
長野県,御代田,町,みよた
長野県,立科,町,たてしな
長野県,青木,村,あおき
長野県,長和,町,ながわ
長野県,下諏訪,町,しもすわ
長野県,富士見,町,ふじみ
長野県,原,村,はら
長野県,辰野,町,たつの
長野県,箕輪,町,みのわ
長野県,飯島,町,いいじま
長野県,南箕輪,村,みなみみのわ
長野県,中川,村,なかがわ
長野県,宮田,村,みやだ
長野県,松川,町,まつかわ
長野県,高森,町,たかもり
長野県,阿南,町,あなん
長野県,阿智,村,あち
長野県,平谷,村,ひらや
長野県,根羽,村,ねば
長野県,下條,村,しもじょう
長野県,売木,村,うるぎ
長野県,天龍,村,てんりゅう
長野県,泰阜,村,やすおか
長野県,喬木,村,たかぎ
長野県,豊丘,村,とよおか
長野県,大鹿,村,おおしか
長野県,上松,町,あげまつ
長野県,南木曽,町,なぎそ
長野県,木祖,村,きそ
長野県,王滝,村,おうたき
長野県,大桑,村,おおくわ
長野県,木曽,町,きそ
長野県,麻績,村,おみ
長野県,生坂,村,いくさか
長野県,山形,村,やまがた
長野県,朝日,村,あさひ
長野県,筑北,村,ちくほく
長野県,池田,町,いけだ
長野県,白馬,村,はくば
長野県,小谷,村,おたり
長野県,坂城,町,さかき
長野県,小布施,町,おぶせ
長野県,高山,村,たかやま
長野県,山ノ内,町,やまのうち
長野県,木島平,村,きじまだいら
長野県,野沢温泉,村,のざわおんせん
長野県,信濃,町,しなの
長野県,小川,村,おがわ
長野県,飯綱,町,いいづな
長野県,栄,村,さかえ
岐阜県,岐阜,市,ぎふ
岐阜県,大垣,市,おおがき
岐阜県,高山,市,たかやま
岐阜県,多治見,市,たじみ
岐阜県,関,市,せき
岐阜県,中津川,市,なかつがわ
岐阜県,美濃,市,みの
岐阜県,瑞浪,市,みずなみ
岐阜県,羽島,市,はしま
岐阜県,恵那,市,えな
岐阜県,美濃加茂,市,みのかも
岐阜県,土岐,市,とき
岐阜県,各務原,市,かかみがはら
岐阜県,可児,市,かに
岐阜県,山県,市,やまがた
岐阜県,瑞穂,市,みずほ
岐阜県,飛騨,市,ひだ
岐阜県,本巣,市,もとす
岐阜県,郡上,市,ぐじょう
岐阜県,下呂,市,げろ
岐阜県,海津,市,かいづ
岐阜県,岐南,町,ぎなん
岐阜県,笠松,町,かさまつ
岐阜県,養老,町,ようろう
岐阜県,垂井,町,たるい
岐阜県,関ケ原,町,せきがはら
岐阜県,神戸,町,ごうど
岐阜県,輪之内,町,わのうち
岐阜県,安八,町,あんぱち
岐阜県,揖斐川,町,いびがわ
岐阜県,大野,町,おおの
岐阜県,池田,町,いけだ
岐阜県,北方,町,きたがた
岐阜県,坂祝,町,さかほぎ
岐阜県,富加,町,とみか
岐阜県,川辺,町,かわべ
岐阜県,七宗,町,ひちそう
岐阜県,八百津,町,やおつ
岐阜県,白川,町,しらかわ
岐阜県,東白川,村,ひがししらかわ
岐阜県,御嵩,町,みたけ
静岡県,静岡,市,しずおか
静岡県,浜松,市,はままつ
静岡県,沼津,市,ぬまづ
静岡県,熱海,市,あたみ
静岡県,三島,市,みしま
静岡県,富士宮,市,ふじのみや
静岡県,伊東,市,いとう
静岡県,島田,市,しまだ
静岡県,富士,市,ふじ
静岡県,磐田,市,いわた
静岡県,焼津,市,やいづ
静岡県,掛川,市,かけがわ
静岡県,藤枝,市,ふじえだ
静岡県,御殿場,市,ごてんば
静岡県,袋井,市,ふくろい
静岡県,下田,市,しもだ
静岡県,裾野,市,すその
静岡県,湖西,市,こさい
静岡県,伊豆,市,いず
静岡県,御前崎,市,おまえざき
静岡県,菊川,市,きくがわ
静岡県,伊豆の国,市,いずのくに
静岡県,牧之原,市,まきのはら
静岡県,東伊豆,町,ひがしいず
静岡県,河津,町,かわづ
静岡県,南伊豆,町,みなみいず
静岡県,松崎,町,まつざき
静岡県,西伊豆,町,にしいず
静岡県,函南,町,かんなみ
静岡県,清水,町,しみず
静岡県,長泉,町,ながいずみ
静岡県,小山,町,おやま
静岡県,吉田,町,よしだ
静岡県,川根本,町,かわねほん
静岡県,森,町,もり
愛知県,名古屋,市,なごや
愛知県,豊橋,市,とよはし
愛知県,岡崎,市,おかざき
愛知県,一宮,市,いちのみや
愛知県,瀬戸,市,せと
愛知県,半田,市,はんだ
愛知県,春日井,市,かすがい
愛知県,豊川,市,とよかわ
愛知県,津島,市,つしま
愛知県,碧南,市,へきなん
愛知県,刈谷,市,かりや
愛知県,豊田,市,とよた
愛知県,安城,市,あんじょう
愛知県,西尾,市,にしお
愛知県,蒲郡,市,がまごおり
愛知県,犬山,市,いぬやま
愛知県,常滑,市,とこなめ
愛知県,江南,市,こうなん
愛知県,小牧,市,こまき
愛知県,稲沢,市,いなざわ
愛知県,新城,市,しんしろ
愛知県,東海,市,とうかい
愛知県,大府,市,おおぶ
愛知県,知多,市,ちた
愛知県,知立,市,ちりゅう
愛知県,尾張旭,市,おわりあさひ
愛知県,高浜,市,たかはま
愛知県,岩倉,市,いわくら
愛知県,豊明,市,とよあけ
愛知県,日進,市,にっしん
愛知県,田原,市,たはら
愛知県,愛西,市,あいさい
愛知県,清須,市,きよす
愛知県,北名古屋,市,きたなごや
愛知県,弥富,市,やとみ
愛知県,長久手,市,ながくて
愛知県,東郷,町,とうごう
愛知県,豊山,町,とよやま
愛知県,大口,町,おおぐち
愛知県,扶桑,町,ふそう
愛知県,大治,町,おおはる
愛知県,蟹江,町,かにえ
愛知県,飛島,村,とびしま
愛知県,阿久比,町,あぐい
愛知県,東浦,町,ひがしうら
愛知県,南知多,町,みなみちた
愛知県,美浜,町,みはま
愛知県,武豊,町,たけとよ
愛知県,幸田,町,こうた
愛知県,設楽,町,したら
愛知県,東栄,町,とうえい
愛知県,豊根,村,とよね
三重県,津,市,つ
三重県,四日市,市,よっかいち
三重県,伊勢,市,いせ
三重県,松阪,市,まつさか
三重県,桑名,市,くわな
三重県,鈴鹿,市,すずか
三重県,名張,市,なばり
三重県,尾鷲,市,おわせ
三重県,亀山,市,かめやま
三重県,鳥羽,市,とば
三重県,熊野,市,くまの
三重県,志摩,市,しま
三重県,伊賀,市,いが
三重県,木曽岬,町,きそさき
三重県,東員,町,とういん
三重県,菰野,町,こもの
三重県,朝日,町,あさひ
三重県,川越,町,かわごえ
三重県,多気,町,たき
三重県,明和,町,めいわ
三重県,大台,町,おおだい
三重県,玉城,町,たまき
三重県,度会,町,わたらい
三重県,大紀,町,たいき
三重県,南伊勢,町,みなみいせ
三重県,紀北,町,きほく
三重県,御浜,町,みはま
三重県,紀宝,町,きほう
滋賀県,大津,市,おおつ
滋賀県,彦根,市,ひこね
滋賀県,長浜,市,ながはま
滋賀県,近江八幡,市,おうみはちまん
滋賀県,草津,市,くさつ
滋賀県,守山,市,もりやま
滋賀県,栗東,市,りっとう
滋賀県,甲賀,市,こうか
滋賀県,野洲,市,やす
滋賀県,湖南,市,こなん
滋賀県,高島,市,たかしま
滋賀県,東近江,市,ひがしおうみ
滋賀県,米原,市,まいばら
滋賀県,日野,町,ひの
滋賀県,竜王,町,りゆうおう
滋賀県,愛荘,町,あいしょう
滋賀県,豊郷,町,とよさと
滋賀県,甲良,町,こうら
滋賀県,多賀,町,たが
京都府,京都,市,きょうと
京都府,福知山,市,ふくちやま
京都府,舞鶴,市,まいづる
京都府,綾部,市,あやべ
京都府,宇治,市,うじ
京都府,宮津,市,みやづ
京都府,亀岡,市,かめおか
京都府,城陽,市,じょうよう
京都府,向日,市,むこう
京都府,長岡京,市,ながおかきょう
京都府,八幡,市,やわた
京都府,京田辺,市,きょうたなべ
京都府,京丹後,市,きょうたんご
京都府,南丹,市,なんたん
京都府,木津川,市,きづがわ
京都府,大山崎,町,おおやまざき
京都府,久御山,町,くみやま
京都府,井手,町,いで
京都府,宇治田原,町,うじたわら
京都府,笠置,町,かさぎ
京都府,和束,町,わづか
京都府,精華,町,せいか
京都府,南山城,村,みなみやましろ
京都府,京丹波,町,きょうたんば
京都府,伊根,町,いね
京都府,与謝野,町,よさの
大阪府,大阪,市,おおさか
大阪府,堺,市,さかい
大阪府,岸和田,市,きしわだ
大阪府,豊中,市,とよなか
大阪府,池田,市,いけだ
大阪府,吹田,市,すいた
大阪府,泉大津,市,いずみおおつ
大阪府,高槻,市,たかつき
大阪府,貝塚,市,かいづか
大阪府,守口,市,もりぐち
大阪府,枚方,市,ひらかた
大阪府,茨木,市,いばらき
大阪府,八尾,市,やお
大阪府,泉佐野,市,いずみさの
大阪府,富田林,市,とんだばやし
大阪府,寝屋川,市,ねやがわ
大阪府,河内長野,市,かわちながの
大阪府,松原,市,まつばら
大阪府,大東,市,だいとう
大阪府,和泉,市,いずみ
大阪府,箕面,市,みのお
大阪府,柏原,市,かしわら
大阪府,羽曳野,市,はびきの
大阪府,門真,市,かどま
大阪府,摂津,市,せっつ
大阪府,高石,市,たかいし
大阪府,藤井寺,市,ふじいでら
大阪府,東大阪,市,ひがしおおさか
大阪府,泉南,市,せんなん
大阪府,四條畷,市,しじようなわて
大阪府,交野,市,かたの
大阪府,大阪狭山,市,おおさかさやま
大阪府,阪南,市,はんなん
大阪府,島本,町,しまもと
大阪府,豊能,町,とよの
大阪府,能勢,町,のせ
大阪府,忠岡,町,ただおか
大阪府,熊取,町,くまとり
大阪府,田尻,町,たじり
大阪府,岬,町,みさき
大阪府,太子,町,たいし
大阪府,河南,町,かなん
大阪府,千早赤阪,村,ちはやあかさか
兵庫県,神戸,市,こうべ
兵庫県,姫路,市,ひめじ
兵庫県,尼崎,市,あまがさき
兵庫県,明石,市,あかし
兵庫県,西宮,市,にしのみや
兵庫県,洲本,市,すもと
兵庫県,芦屋,市,あしや
兵庫県,伊丹,市,いたみ
兵庫県,相生,市,あいおい
兵庫県,豊岡,市,とよおか
兵庫県,加古川,市,かこがわ
兵庫県,赤穂,市,あこう
兵庫県,西脇,市,にしわき
兵庫県,宝塚,市,たからづか
兵庫県,三木,市,みき
兵庫県,高砂,市,たかさご
兵庫県,川西,市,かわにし
兵庫県,小野,市,おの
兵庫県,三田,市,さんだ
兵庫県,加西,市,かさい
兵庫県,丹波篠山,市,たんばささやま
兵庫県,養父,市,やぶ
兵庫県,丹波,市,たんば
兵庫県,南あわじ,市,みなみあわじ
兵庫県,朝来,市,あさご
兵庫県,淡路,市,あわじ
兵庫県,宍粟,市,しそう
兵庫県,加東,市,かとう
兵庫県,猪名川,町,いながわ
兵庫県,多可,町,たか
兵庫県,稲美,町,いなみ
兵庫県,播磨,町,はりま
兵庫県,市川,町,いちかわ
兵庫県,福崎,町,ふくさき
兵庫県,神河,町,かみかわ
兵庫県,太子,町,たいし
兵庫県,上郡,町,かみごおり
兵庫県,佐用,町,さよう
兵庫県,香美,町,かみ
兵庫県,新温泉,町,しんおんせん
奈良県,奈良,市,なら
奈良県,大和高田,市,やまとたかだ
奈良県,大和郡山,市,やまとこおりやま
奈良県,天理,市,てんり
奈良県,橿原,市,かしはら
奈良県,桜井,市,さくらい
奈良県,五條,市,ごじょう
奈良県,御所,市,ごせ
奈良県,生駒,市,いこま
奈良県,香芝,市,かしば
奈良県,葛城,市,かつらぎ
奈良県,宇陀,市,うだ
奈良県,山添,村,やまぞえ
奈良県,平群,町,へぐり
奈良県,三郷,町,さんごう
奈良県,斑鳩,町,いかるが
奈良県,安堵,町,あんど
奈良県,川西,町,かわにし
奈良県,三宅,町,みやけ
奈良県,田原本,町,たわらもと
奈良県,曽爾,村,そに
奈良県,御杖,村,みつえ
奈良県,高取,町,たかとり
奈良県,明日香,村,あすか
奈良県,上牧,町,かんまき
奈良県,王寺,町,おうじ
奈良県,広陵,町,こうりよう
奈良県,河合,町,かわい
奈良県,吉野,町,よしの
奈良県,大淀,町,おおよど
奈良県,下市,町,しもいち
奈良県,黒滝,村,くろたき
奈良県,天川,村,てんかわ
奈良県,野迫川,村,のせがわ
奈良県,十津川,村,とつかわ
奈良県,下北山,村,しもきたやま
奈良県,上北山,村,かみきたやま
奈良県,川上,村,かわかみ
奈良県,東吉野,村,ひがしよしの
和歌山県,和歌山,市,わかやま
和歌山県,海南,市,かいなん
和歌山県,橋本,市,はしもと
和歌山県,有田,市,ありだ
和歌山県,御坊,市,ごぼう
和歌山県,田辺,市,たなべ
和歌山県,新宮,市,しんぐう
和歌山県,紀の川,市,きのかわ
和歌山県,岩出,市,いわで
和歌山県,紀美野,町,きみの
和歌山県,九度山,町,くどやま
和歌山県,高野,町,こうや
和歌山県,湯浅,町,ゆあさ
和歌山県,広川,町,ひろがわ
和歌山県,有田川,町,ありだがわ
和歌山県,美浜,町,みはま
和歌山県,日高,町,ひだか
和歌山県,由良,町,ゆら
和歌山県,印南,町,いなみ
和歌山県,日高川,町,ひだかがわ
和歌山県,白浜,町,しらはま
和歌山県,上富田,町,かみとんだ
和歌山県,那智勝浦,町,なちかつうら
和歌山県,太地,町,たいじ
和歌山県,古座川,町,こざがわ
和歌山県,北山,村,きたやま
和歌山県,串本,町,くしもと
鳥取県,鳥取,市,とっとり
鳥取県,米子,市,よなご
鳥取県,倉吉,市,くらよし
鳥取県,境港,市,さかいみなと
鳥取県,岩美,町,いわみ
鳥取県,若桜,町,わかさ
鳥取県,智頭,町,ちづ
鳥取県,八頭,町,やず
鳥取県,三朝,町,みささ
鳥取県,湯梨浜,町,ゆりはま
鳥取県,琴浦,町,ことうら
鳥取県,北栄,町,ほくえい
鳥取県,日吉津,村,ひえづ
鳥取県,大山,町,だいせん
鳥取県,南部,町,なんぶ
鳥取県,伯耆,町,ほうき
鳥取県,日南,町,にちなん
鳥取県,日野,町,ひの
鳥取県,江府,町,こうふ
島根県,松江,市,まつえ
島根県,浜田,市,はまだ
島根県,出雲,市,いずも
島根県,益田,市,ますだ
島根県,大田,市,おおだ
島根県,安来,市,やすぎ
島根県,江津,市,ごうつ
島根県,雲南,市,うんなん
島根県,奥出雲,町,おくいずも
島根県,飯南,町,いいなん
島根県,川本,町,かわもと
島根県,美郷,町,みさと
島根県,邑南,町,おおなん
島根県,津和野,町,つわの
島根県,吉賀,町,よしか
島根県,海士,町,あま
島根県,西ノ島,町,にしのしま
島根県,知夫,村,ちぶ
島根県,隠岐の島,町,おきのしま
岡山県,岡山,市,おかやま
岡山県,倉敷,市,くらしき
岡山県,津山,市,つやま
岡山県,玉野,市,たまの
岡山県,笠岡,市,かさおか
岡山県,井原,市,いばら
岡山県,総社,市,そうじや
岡山県,高梁,市,たかはし
岡山県,新見,市,にいみ
岡山県,備前,市,びぜん
岡山県,瀬戸内,市,せとうち
岡山県,赤磐,市,あかいわ
岡山県,真庭,市,まにわ
岡山県,美作,市,みまさか
岡山県,浅口,市,あさくち
岡山県,和気,町,わけ
岡山県,早島,町,はやしま
岡山県,里庄,町,さとしょう
岡山県,矢掛,町,やかげ
岡山県,新庄,村,しんじよう
岡山県,鏡野,町,かがみの
岡山県,勝央,町,しょうおう
岡山県,奈義,町,なぎ
岡山県,西粟倉,村,にしあわくら
岡山県,久米南,町,くめなん
岡山県,美咲,町,みさき
岡山県,吉備中央,町,きびちゅうおう
広島県,広島,市,ひろしま
広島県,呉,市,くれ
広島県,竹原,市,たけはら
広島県,三原,市,みはら
広島県,尾道,市,おのみち
広島県,福山,市,ふくやま
広島県,府中,市,ふちゅう
広島県,三次,市,みよし
広島県,庄原,市,しょうばら
広島県,大竹,市,おおたけ
広島県,東広島,市,ひがしひろしま
広島県,廿日市,市,はつかいち
広島県,安芸高田,市,あきたかた
広島県,江田島,市,えたじま
広島県,海田,町,かいた
広島県,熊野,町,くまの
広島県,坂,町,さか
広島県,安芸太田,町,あきおおた
広島県,北広島,町,きたひろしま
広島県,大崎上島,町,おおさきかみじま
広島県,世羅,町,せら
広島県,神石高原,町,じんせきこうげん
山口県,下関,市,しものせき
山口県,宇部,市,うべ
山口県,山口,市,やまぐち
山口県,萩,市,はぎ
山口県,防府,市,ほうふ
山口県,下松,市,くだまつ
山口県,岩国,市,いわくに
山口県,光,市,ひかり
山口県,長門,市,ながと
山口県,柳井,市,やない
山口県,美祢,市,みね
山口県,周南,市,しゅうなん
山口県,山陽小野田,市,さんようおのだ
山口県,周防大島,町,すおうおおしま
山口県,和木,町,わき
山口県,上関,町,かみのせき
山口県,田布施,町,たぶせ
山口県,平生,町,ひらお
山口県,阿武,町,あぶ
徳島県,徳島,市,とくしま
徳島県,鳴門,市,なると
徳島県,小松島,市,こまつしま
徳島県,阿南,市,あなん
徳島県,吉野川,市,よしのがわ
徳島県,阿波,市,あわ
徳島県,美馬,市,みま
徳島県,三好,市,みよし
徳島県,勝浦,町,かつうら
徳島県,上勝,町,かみかつ
徳島県,佐那河内,村,さなごうち
徳島県,石井,町,いしい
徳島県,神山,町,かみやま
徳島県,那賀,町,なか
徳島県,牟岐,町,むぎ
徳島県,美波,町,みなみ
徳島県,海陽,町,かいよう
徳島県,松茂,町,まつしげ
徳島県,北島,町,きたじま
徳島県,藍住,町,あいずみ
徳島県,板野,町,いたの
徳島県,上板,町,かみいた
徳島県,東みよし,町,ひがしみよし
香川県,高松,市,たかまつ
香川県,丸亀,市,まるがめ
香川県,坂出,市,さかいで
香川県,善通寺,市,ぜんつうじ
香川県,観音寺,市,かんおんじ
香川県,東かがわ,市,ひがしかがわ
香川県,三豊,市,みとよ
香川県,土庄,町,とのしょう
香川県,小豆島,町,しょうどしま
香川県,三木,町,みき
香川県,直島,町,なおしま
香川県,宇多津,町,うたづ
香川県,綾川,町,あやがわ
香川県,琴平,町,ことひら
香川県,多度津,町,たどつ
愛媛県,松山,市,まつやま
愛媛県,今治,市,いまばり
愛媛県,宇和島,市,うわじま
愛媛県,八幡浜,市,やわたはま
愛媛県,新居浜,市,にいはま
愛媛県,西条,市,さいじょう
愛媛県,大洲,市,おおず
愛媛県,伊予,市,いよ
愛媛県,四国中央,市,しこくちゅうおう
愛媛県,西予,市,せいよ
愛媛県,東温,市,とうおん
愛媛県,上島,町,かみじま
愛媛県,久万高原,町,くまこうげん
愛媛県,松前,町,まさき
愛媛県,砥部,町,とべ
愛媛県,内子,町,うちこ
愛媛県,伊方,町,いかた
愛媛県,松野,町,まつの
愛媛県,鬼北,町,きほく
愛媛県,愛南,町,あいなん
高知県,高知,市,こうち
高知県,室戸,市,むろと
高知県,安芸,市,あき
高知県,南国,市,なんこく
高知県,土佐,市,とさ
高知県,須崎,市,すさき
高知県,宿毛,市,すくも
高知県,土佐清水,市,とさしみず
高知県,四万十,市,しまんと
高知県,香南,市,こうなん
高知県,香美,市,かみ
高知県,東洋,町,とうよう
高知県,奈半利,町,なはり
高知県,田野,町,たの
高知県,安田,町,やすだ
高知県,北川,村,きたがわ
高知県,馬路,村,うまじ
高知県,芸西,村,げいせい
高知県,本山,町,もとやま
高知県,大豊,町,おおとよ
高知県,大川,村,おおかわ
高知県,仁淀川,町,によどがわ
高知県,中土佐,町,なかとさ
高知県,佐川,町,さかわ
高知県,越知,町,おち
高知県,梼原,町,ゆすはら
高知県,日高,村,ひだか
高知県,津野,町,つの
高知県,大月,町,おおつき
高知県,三原,村,みはら
高知県,黒潮,町,くろしお
福岡県,北九州,市,きたきゅうしゅう
福岡県,福岡,市,ふくおか
福岡県,大牟田,市,おおむた
福岡県,久留米,市,くるめ
福岡県,直方,市,のおがた
福岡県,飯塚,市,いいづか
福岡県,田川,市,たがわ
福岡県,柳川,市,やながわ
福岡県,八女,市,やめ
福岡県,筑後,市,ちくご
福岡県,大川,市,おおかわ
福岡県,行橋,市,ゆくはし
福岡県,豊前,市,ぶぜん
福岡県,中間,市,なかま
福岡県,小郡,市,おごおり
福岡県,筑紫野,市,ちくしの
福岡県,春日,市,かすが
福岡県,大野城,市,おおのじょう
福岡県,宗像,市,むなかた
福岡県,太宰府,市,だざいふ
福岡県,古賀,市,こが
福岡県,福津,市,ふくつ
福岡県,宮若,市,みやわか
福岡県,嘉麻,市,かま
福岡県,朝倉,市,あさくら
福岡県,糸島,市,いとしま
福岡県,那珂川,市,なかがわ
福岡県,宇美,町,うみ
福岡県,篠栗,町,ささぐり
福岡県,志免,町,しめ
福岡県,須恵,町,すえ
福岡県,新宮,町,しんぐう
福岡県,久山,町,ひさやま
福岡県,粕屋,町,かすや
福岡県,芦屋,町,あしや
福岡県,水巻,町,みずまき
福岡県,岡垣,町,おかがき
福岡県,遠賀,町,おんが
福岡県,小竹,町,こたけ
福岡県,鞍手,町,くらて
福岡県,桂川,町,けいせん
福岡県,筑前,町,ちくぜん
福岡県,東峰,村,とうほう
福岡県,大刀洗,町,たちあらい
福岡県,大木,町,おおき
福岡県,広川,町,ひろかわ
福岡県,香春,町,かわら
福岡県,添田,町,そえだ
福岡県,糸田,町,いとだ
福岡県,川崎,町,かわさき
福岡県,大任,町,おおとう
福岡県,赤,村,あか
福岡県,福智,町,ふくち
福岡県,苅田,町,かんだ
福岡県,吉富,町,よしとみ
福岡県,上毛,町,こうげ
福岡県,築上,町,ちくじょう
佐賀県,佐賀,市,さが
佐賀県,唐津,市,からつ
佐賀県,鳥栖,市,とす
佐賀県,多久,市,たく
佐賀県,伊万里,市,いまり
佐賀県,武雄,市,たけお
佐賀県,鹿島,市,かしま
佐賀県,小城,市,おぎ
佐賀県,嬉野,市,うれしの
佐賀県,神埼,市,かんざき
佐賀県,吉野ヶ里,町,よしのがり
佐賀県,基山,町,きやま
佐賀県,上峰,町,かみみね
佐賀県,玄海,町,げんかい
佐賀県,有田,町,ありた
佐賀県,大町,町,おおまち
佐賀県,江北,町,こうほく
佐賀県,白石,町,しろいし
佐賀県,太良,町,たら
長崎県,長崎,市,ながさき
長崎県,佐世保,市,させぼ
長崎県,島原,市,しまばら
長崎県,諫早,市,いさはや
長崎県,大村,市,おおむら
長崎県,平戸,市,ひらど
長崎県,松浦,市,まつうら
長崎県,対馬,市,つしま
長崎県,壱岐,市,いき
長崎県,五島,市,ごとう
長崎県,西海,市,さいかい
長崎県,雲仙,市,うんぜん
長崎県,南島原,市,みなみしまばら
長崎県,長与,町,ながよ
長崎県,時津,町,とぎつ
長崎県,東彼杵,町,ひがしそのぎ
長崎県,川棚,町,かわたな
長崎県,波佐見,町,はさみ
長崎県,小値賀,町,おぢか
長崎県,佐々,町,さざ
長崎県,新上五島,町,しんかみごとう
熊本県,熊本,市,くまもと
熊本県,八代,市,やつしろ
熊本県,人吉,市,ひとよし
熊本県,荒尾,市,あらお
熊本県,水俣,市,みなまた
熊本県,玉名,市,たまな
熊本県,山鹿,市,やまが
熊本県,菊池,市,きくち
熊本県,宇土,市,うと
熊本県,上天草,市,かみあまくさ
熊本県,宇城,市,うき
熊本県,阿蘇,市,あそ
熊本県,天草,市,あまくさ
熊本県,合志,市,こうし
熊本県,美里,町,みさと
熊本県,玉東,町,ぎょくとう
熊本県,南関,町,なんかん
熊本県,長洲,町,ながす
熊本県,和水,町,なごみ
熊本県,大津,町,おおづ
熊本県,菊陽,町,きくよう
熊本県,南小国,町,みなみおぐに
熊本県,小国,町,おぐに
熊本県,産山,村,うぶやま
熊本県,高森,町,たかもり
熊本県,西原,村,にしはら
熊本県,南阿蘇,村,みなみあそ
熊本県,御船,町,みふね
熊本県,嘉島,町,かしま
熊本県,益城,町,ましき
熊本県,甲佐,町,こうさ
熊本県,山都,町,やまと
熊本県,氷川,町,ひかわ
熊本県,芦北,町,あしきた
熊本県,津奈木,町,つなぎ
熊本県,錦,町,にしき
熊本県,多良木,町,たらぎ
熊本県,湯前,町,ゆのまえ
熊本県,水上,村,みずかみ
熊本県,相良,村,さがら
熊本県,五木,村,いつき
熊本県,山江,村,やまえ
熊本県,球磨,村,くま
熊本県,苓北,町,れいほく
大分県,大分,市,おおいた
大分県,別府,市,べっぷ
大分県,中津,市,なかつ
大分県,日田,市,ひた
大分県,佐伯,市,さいき
大分県,臼杵,市,うすき
大分県,津久見,市,つくみ
大分県,竹田,市,たけた
大分県,豊後高田,市,ぶんごたかだ
大分県,杵築,市,きつき
大分県,宇佐,市,うさ
大分県,豊後大野,市,ぶんごおおの
大分県,由布,市,ゆふ
大分県,国東,市,くにさき
大分県,姫島,村,ひめしま
大分県,日出,町,ひじ
大分県,九重,町,ここのえ
大分県,玖珠,町,くす
宮崎県,宮崎,市,みやざき
宮崎県,都城,市,みやこのじょう
宮崎県,延岡,市,のべおか
宮崎県,日南,市,にちなん
宮崎県,小林,市,こばやし
宮崎県,日向,市,ひゅうが
宮崎県,串間,市,くしま
宮崎県,西都,市,さいと
宮崎県,三股,町,みまた
宮崎県,高原,町,たかはる
宮崎県,国富,町,くにとみ
宮崎県,綾,町,あや
宮崎県,高鍋,町,たかなべ
宮崎県,新富,町,しんとみ
宮崎県,西米良,村,にしめら
宮崎県,木城,町,きじょう
宮崎県,川南,町,かわみなみ
宮崎県,都農,町,つの
宮崎県,門川,町,かどがわ
宮崎県,諸塚,村,もろつか
宮崎県,椎葉,村,しいば
宮崎県,美郷,町,みさと
宮崎県,高千穂,町,たかちほ
宮崎県,日之影,町,ひのかげ
宮崎県,五ヶ瀬,町,ごかせ
鹿児島県,鹿児島,市,かごしま
鹿児島県,鹿屋,市,かのや
鹿児島県,枕崎,市,まくらざき
鹿児島県,阿久根,市,あくね
鹿児島県,出水,市,いずみ
鹿児島県,指宿,市,いぶすき
鹿児島県,西之表,市,にしのおもて
鹿児島県,垂水,市,たるみず
鹿児島県,薩摩川内,市,さつませんだい
鹿児島県,日置,市,ひおき
鹿児島県,曽於,市,そお
鹿児島県,霧島,市,きりしま
鹿児島県,いちき串木野,市,いちきくしきの
鹿児島県,南さつま,市,みなみさつま
鹿児島県,志布志,市,しぶし
鹿児島県,奄美,市,あまみ
鹿児島県,南九州,市,みなみきゅうしゅう
鹿児島県,伊佐,市,いさ
鹿児島県,姶良,市,あいら
鹿児島県,三島,村,みしま
鹿児島県,十島,村,としま
鹿児島県,長島,町,ながしま
鹿児島県,湧水,町,ゆうすい
鹿児島県,大崎,町,おおさき
鹿児島県,東串良,町,ひがしくしら
鹿児島県,錦江,町,きんこう
鹿児島県,南大隅,町,みなみおおすみ
鹿児島県,肝付,町,きもつき
鹿児島県,中種子,町,なかたね
鹿児島県,南種子,町,みなみたね
鹿児島県,屋久島,町,やくしま
鹿児島県,大和,村,やまと
鹿児島県,宇検,村,うけん
鹿児島県,瀬戸内,町,せとうち
鹿児島県,龍郷,町,たつごう
鹿児島県,喜界,町,きかい
鹿児島県,徳之島,町,とくのしま
鹿児島県,天城,町,あまぎ
鹿児島県,伊仙,町,いせん
鹿児島県,和泊,町,わどまり
鹿児島県,知名,町,ちな
鹿児島県,与論,町,よろん
沖縄県,那覇,市,なは
沖縄県,宜野湾,市,ぎのわん
沖縄県,石垣,市,いしがき
沖縄県,浦添,市,うらそえ
沖縄県,名護,市,なご
沖縄県,糸満,市,いとまん
沖縄県,沖縄,市,おきなわ
沖縄県,豊見城,市,とみぐすく
沖縄県,宮古島,市,みやこじま
沖縄県,南城,市,なんじょう
沖縄県,国頭,村,くにがみ
沖縄県,大宜味,村,おおぎみ
沖縄県,東,村,ひがし
沖縄県,今帰仁,村,なきじん
沖縄県,本部,町,もとぶ
沖縄県,恩納,村,おんな
沖縄県,宜野座,村,ぎのざ
沖縄県,金武,町,きん
沖縄県,伊江,村,いえ
沖縄県,読谷,村,よみたん
沖縄県,嘉手納,町,かでな
沖縄県,北谷,町,ちやたん
沖縄県,北中城,村,きたなかぐすく
沖縄県,中城,村,なかぐすく
沖縄県,西原,町,にしはら
沖縄県,与那原,町,よなばる
沖縄県,南風原,町,はえばる
沖縄県,渡嘉敷,村,とかしき
沖縄県,座間味,村,ざまみ
沖縄県,粟国,村,あぐに
沖縄県,渡名喜,村,となき
沖縄県,南大東,村,みなみだいとう
沖縄県,北大東,村,きただいとう
沖縄県,伊平屋,村,いへや
沖縄県,伊是名,村,いぜな
沖縄県,久米島,町,くめじま
沖縄県,八重瀬,町,やえせ
沖縄県,多良間,村,たらま
沖縄県,竹富,町,たけとみ
沖縄県,与那国,町,よなぐに
